{
  "Total" : {
    "transaction" : "Total",
    "sampleCount" : 156,
    "errorCount" : 0,
    "errorPct" : 0.0,
    "meanResTime" : 1898.5897435897434,
    "medianResTime" : 1149.5,
    "minResTime" : 682.0,
    "maxResTime" : 7206.0,
    "pct1ResTime" : 4068.6000000000004,
    "pct2ResTime" : 4461.700000000001,
    "pct3ResTime" : 6959.760000000003,
    "throughput" : 0.4170086048121724,
    "receivedKBytesPerSec" : 0.8955827828908853,
    "sentKBytesPerSec" : 0.0
  },
  "Logout" : {
    "transaction" : "Logout",
    "sampleCount" : 52,
    "errorCount" : 0,
    "errorPct" : 0.0,
    "meanResTime" : 954.846153846154,
    "medianResTime" : 822.0,
    "minResTime" : 682.0,
    "maxResTime" : 2255.0,
    "pct1ResTime" : 1291.0,
    "pct2ResTime" : 1749.699999999999,
    "pct3ResTime" : 2255.0,
    "throughput" : 0.14145079552471446,
    "receivedKBytesPerSec" : 0.3507261424191894,
    "sentKBytesPerSec" : 0.0
  },
  "launch" : {
    "transaction" : "launch",
    "sampleCount" : 52,
    "errorCount" : 0,
    "errorPct" : 0.0,
    "meanResTime" : 3568.5769230769224,
    "medianResTime" : 3782.0,
    "minResTime" : 1021.0,
    "maxResTime" : 7206.0,
    "pct1ResTime" : 5093.9000000000015,
    "pct2ResTime" : 6624.499999999999,
    "pct3ResTime" : 7206.0,
    "throughput" : 0.13961155768910652,
    "receivedKBytesPerSec" : 0.28624983890974115,
    "sentKBytesPerSec" : 0.0
  },
  "Login" : {
    "transaction" : "Login",
    "sampleCount" : 52,
    "errorCount" : 0,
    "errorPct" : 0.0,
    "meanResTime" : 1172.3461538461543,
    "medianResTime" : 1090.0,
    "minResTime" : 790.0,
    "maxResTime" : 2307.0,
    "pct1ResTime" : 1671.3000000000004,
    "pct2ResTime" : 1889.0499999999986,
    "pct3ResTime" : 2307.0,
    "throughput" : 0.14133507284192218,
    "receivedKBytesPerSec" : 0.27038614032941943,
    "sentKBytesPerSec" : 0.0
  }
}